{
  "metrics": {
    "hd1": {
      "full": {
        "rmse": 15.478280454198229,
        "mae": 11.637569618134314,
        "r2": 0.6869611771877981,
        "mape_pct": 18.756700255549234,
        "acc_category": 0.7444444444444445,
        "acc_within_15": 0.7777777777777778
      },
      "last30": {
        "rmse": 11.740082400038423,
        "mae": 9.850019743117247,
        "r2": 0.49465456891336834,
        "mape_pct": 14.087394441141587,
        "acc_category": 0.8,
        "acc_within_15": 0.8666666666666667
      }
    },
    "hd2": {
      "full": {
        "rmse": 15.977684959594429,
        "mae": 12.647446707654575,
        "r2": 0.6110740349645012,
        "mape_pct": 19.701646080594433,
        "acc_category": 0.7333333333333333,
        "acc_within_15": 0.6555555555555556
      },
      "last30": {
        "rmse": 12.39984690292501,
        "mae": 10.454865954173183,
        "r2": 0.4711738051453247,
        "mape_pct": 14.382453194002936,
        "acc_category": 0.8666666666666667,
        "acc_within_15": 0.7
      }
    },
    "hd3": {
      "full": {
        "rmse": 19.53234190627485,
        "mae": 15.80904214983468,
        "r2": 0.3554954072968347,
        "mape_pct": 24.551095794559878,
        "acc_category": 0.6666666666666666,
        "acc_within_15": 0.4777777777777778
      },
      "last30": {
        "rmse": 16.884601829521436,
        "mae": 13.64897638717898,
        "r2": 0.07911016575033791,
        "mape_pct": 18.933431499892826,
        "acc_category": 0.7333333333333333,
        "acc_within_15": 0.6
      }
    }
  },
  "weights": {
    "hd1": {
      "y_pred_lgb": 0.5025539469328774,
      "y_pred_linear": -0.017056773091099958,
      "y_pred_hgb": 1.0220141221116994,
      "y_pred_rf": -0.5651764224913163
    },
    "hd2": {
      "y_pred_lgb": 2.1979643710725387,
      "y_pred_linear": -1.0835394836700405,
      "y_pred_hgb": -0.30053176635263784,
      "y_pred_rf": -0.04091360547083722
    },
    "hd3": {
      "y_pred_lgb": 1.9776452542129843,
      "y_pred_linear": -0.9227303088175587,
      "y_pred_hgb": -0.45686154108891586,
      "y_pred_rf": 0.1559837712549369
    }
  },
  "holdout_days": 90
}