{
  "metrics": {
    "hd1": {
      "full": {
        "rmse": 18.834496487172167,
        "mae": 14.169079217714998,
        "r2": 0.39397962160739286,
        "mape_pct": 27.04016187224908,
        "acc_category": 0.6222222222222222,
        "acc_within_15": 0.6222222222222222
      },
      "last30": {
        "rmse": 13.908131725945404,
        "mae": 11.482036208175506,
        "r2": 0.4237147784917895,
        "mape_pct": 19.69600687502935,
        "acc_category": 0.6333333333333333,
        "acc_within_15": 0.6333333333333333
      }
    },
    "hd2": {
      "full": {
        "rmse": 23.0027823027317,
        "mae": 18.435156007674358,
        "r2": 0.0973525712372687,
        "mape_pct": 35.88244651611671,
        "acc_category": 0.6555555555555556,
        "acc_within_15": 0.45555555555555555
      },
      "last30": {
        "rmse": 18.966421592538694,
        "mae": 15.781684777335778,
        "r2": -0.056957332332250754,
        "mape_pct": 27.96083367491855,
        "acc_category": 0.6666666666666666,
        "acc_within_15": 0.4666666666666667
      }
    },
    "hd3": {
      "full": {
        "rmse": 27.60475792886069,
        "mae": 22.558969924128405,
        "r2": -0.3002561204521701,
        "mape_pct": 43.76440066567904,
        "acc_category": 0.6555555555555556,
        "acc_within_15": 0.37777777777777777
      },
      "last30": {
        "rmse": 22.53476757260542,
        "mae": 19.34673784302999,
        "r2": -0.5010258683079252,
        "mape_pct": 34.53679626654291,
        "acc_category": 0.7,
        "acc_within_15": 0.36666666666666664
      }
    }
  },
  "weights": {
    "hd1": {
      "y_pred_lgb": 0.10972154588419047,
      "y_pred_linear": 0.0,
      "y_pred_hgb": 0.8902784541158095,
      "y_pred_rf": 0.0
    },
    "hd2": {
      "y_pred_lgb": 1.0,
      "y_pred_linear": 0.0,
      "y_pred_hgb": 0.0,
      "y_pred_rf": 0.0
    },
    "hd3": {
      "y_pred_lgb": 0.769403892260909,
      "y_pred_linear": 0.0,
      "y_pred_hgb": 0.23059610773909112,
      "y_pred_rf": 0.0
    }
  },
  "holdout_days": 90
}