{
  "metrics": {
    "hd1": {
      "full": {
        "rmse": 13.213264216650176,
        "mae": 8.7031878807936,
        "r2": 0.7718749287074314,
        "mape_pct": 14.214627146800154,
        "acc_category": 0.7888888888888889,
        "acc_within_15": 0.8666666666666667
      },
      "last30": {
        "rmse": 7.648033849804297,
        "mae": 6.024106491997753,
        "r2": 0.7855403187345711,
        "mape_pct": 8.544744527636265,
        "acc_category": 0.8666666666666667,
        "acc_within_15": 0.9666666666666667
      }
    },
    "hd2": {
      "full": {
        "rmse": 15.456316932949246,
        "mae": 12.149646043204076,
        "r2": 0.6360420087533136,
        "mape_pct": 18.782167910888614,
        "acc_category": 0.7888888888888889,
        "acc_within_15": 0.6666666666666666
      },
      "last30": {
        "rmse": 11.37757330273206,
        "mae": 9.31334442640581,
        "r2": 0.5547749435882638,
        "mape_pct": 13.845445843738732,
        "acc_category": 0.8666666666666667,
        "acc_within_15": 0.8333333333333334
      }
    },
    "hd3": {
      "full": {
        "rmse": 18.82236164465437,
        "mae": 15.645377732532006,
        "r2": 0.4014979975532378,
        "mape_pct": 24.778953018957598,
        "acc_category": 0.7333333333333333,
        "acc_within_15": 0.4888888888888889
      },
      "last30": {
        "rmse": 16.07074463893986,
        "mae": 12.977559415563551,
        "r2": 0.16574651000630602,
        "mape_pct": 18.57919758916414,
        "acc_category": 0.8333333333333334,
        "acc_within_15": 0.5333333333333333
      }
    }
  },
  "weights": {
    "hd1": {
      "y_pred_lgb": 0.9598671918969379,
      "y_pred_linear": 0.0,
      "y_pred_hgb": 0.04013280810306216
    },
    "hd2": {
      "y_pred_lgb": 0.5239276200316589,
      "y_pred_linear": 0.0,
      "y_pred_hgb": 0.4760723799683412
    },
    "hd3": {
      "y_pred_lgb": 0.7532930906502164,
      "y_pred_linear": 0.0,
      "y_pred_hgb": 0.24670690934978357
    }
  },
  "holdout_days": 90
}