{
  "AQI_t+1": {
    "rmse": 4.116839051640814,
    "mae": 3.257333740072213,
    "r2": 0.8721769377397028,
    "mape_pct": 4.091214106165081,
    "acc_category": 0.9666666666666667,
    "acc_within_15": 1.0
  },
  "AQI_t+2": {
    "rmse": 9.355150000535026,
    "mae": 7.2826745972232025,
    "r2": 0.3190432813361601,
    "mape_pct": 9.001216345387311,
    "acc_category": 0.9111111111111111,
    "acc_within_15": 0.9111111111111111
  },
  "AQI_t+3": {
    "rmse": 11.978984526956987,
    "mae": 8.915671970584153,
    "r2": -0.12752024608510282,
    "mape_pct": 10.837373998358471,
    "acc_category": 0.9333333333333333,
    "acc_within_15": 0.8111111111111111
  }
}