{
  "AQI_t+1": {
    "rmse": 4.088527048894503,
    "mae": 3.1476878899532963,
    "r2": 0.8739290018570433,
    "mape_pct": 3.9173231767102004
  },
  "AQI_t+2": {
    "rmse": 9.90119375556347,
    "mae": 7.480400267720543,
    "r2": 0.23723085493780383,
    "mape_pct": 9.281894971285112
  },
  "AQI_t+3": {
    "rmse": 10.671961138703772,
    "mae": 8.7761629781114,
    "r2": 0.07046385325569493,
    "mape_pct": 10.416573499387463
  }
}