{
  "target_aqi_d1": {
    "rmse": 21.371475922428516,
    "mae": 16.416275183131358,
    "r2": 0.21972403257005402,
    "mape_pct": 31.657438186657128,
    "acc_category": 0.6555555555555556,
    "acc_within_15": 0.5333333333333333
  },
  "target_aqi_d2": {
    "rmse": 29.441835204618272,
    "mae": 23.775723699319407,
    "r2": -0.47872415021446857,
    "mape_pct": 46.806828055350344,
    "acc_category": 0.5888888888888889,
    "acc_within_15": 0.35555555555555557
  },
  "target_aqi_d3": {
    "rmse": 30.464386957964788,
    "mae": 25.398558615056846,
    "r2": -0.5836015086874655,
    "mape_pct": 49.09383478838913,
    "acc_category": 0.6111111111111112,
    "acc_within_15": 0.3333333333333333
  }
}