{
  "target_aqi_d1": {
    "rmse": 19.2818205788656,
    "mae": 14.653245109342546,
    "r2": 0.5142096835692009,
    "mape_pct": 25.324505809314456,
    "acc_category": 0.6666666666666666,
    "acc_within_15": 0.6444444444444445
  },
  "target_aqi_d2": {
    "rmse": 23.94398091046045,
    "mae": 19.149511411446266,
    "r2": 0.1265622750002089,
    "mape_pct": 34.28174738719547,
    "acc_category": 0.6555555555555556,
    "acc_within_15": 0.5111111111111111
  },
  "target_aqi_d3": {
    "rmse": 25.822207058758583,
    "mae": 21.344250973353454,
    "r2": -0.1264297168803088,
    "mape_pct": 39.21530211199993,
    "acc_category": 0.6222222222222222,
    "acc_within_15": 0.36666666666666664
  }
}