{
  "target_aqi_d1": {
    "rmse": 22.00328662514821,
    "mae": 16.9780440120396,
    "r2": 0.3674018885718635,
    "mape_pct": 32.02491975289533,
    "acc_category": 0.6555555555555556,
    "acc_within_15": 0.5222222222222223
  },
  "target_aqi_d2": {
    "rmse": 31.371569470900457,
    "mae": 25.318457008811084,
    "r2": -0.4993800334246916,
    "mape_pct": 48.783590967312925,
    "acc_category": 0.5777777777777777,
    "acc_within_15": 0.35555555555555557
  },
  "target_aqi_d3": {
    "rmse": 32.10828277765983,
    "mae": 26.397263255471408,
    "r2": -0.741612524054428,
    "mape_pct": 50.7265824399584,
    "acc_category": 0.5666666666666667,
    "acc_within_15": 0.3333333333333333
  }
}