{
  "metrics": {
    "target_aqi_d1": {
      "rmse": 22.120000864011548,
      "mae": 17.968820640986262,
      "r2": 0.3606729822240451,
      "mape_pct": 31.95787400798266,
      "acc_category": 0.6222222222222222,
      "acc_within_15": 0.4666666666666667
    },
    "target_aqi_d2": {
      "rmse": 28.251623533593744,
      "mae": 23.173421732035028,
      "r2": -0.2159789349146244,
      "mape_pct": 42.77156647194007,
      "acc_category": 0.6333333333333333,
      "acc_within_15": 0.37777777777777777
    },
    "target_aqi_d3": {
      "rmse": 30.836970825415747,
      "mae": 25.1657793526876,
      "r2": -0.6064262811059054,
      "mape_pct": 48.13449020007923,
      "acc_category": 0.6222222222222222,
      "acc_within_15": 0.34444444444444444
    }
  },
  "chosen": {
    "target_aqi_d1": "ridge_a_351.1",
    "target_aqi_d2": "ridge_a_1000",
    "target_aqi_d3": "enet_a_2.512_l1_0.05"
  }
}