{
  "metrics": {
    "target_aqi_d1": {
      "rmse": 22.508026488068523,
      "mae": 18.51639250468221,
      "r2": 0.13452598236919178,
      "mape_pct": 34.68744275424647,
      "acc_category": 0.6222222222222222,
      "acc_within_15": 0.43333333333333335
    },
    "target_aqi_d2": {
      "rmse": 28.847960171671897,
      "mae": 23.9560368418611,
      "r2": -0.41967073636390184,
      "mape_pct": 45.49262316878652,
      "acc_category": 0.6222222222222222,
      "acc_within_15": 0.36666666666666664
    },
    "target_aqi_d3": {
      "rmse": 31.132788398402607,
      "mae": 25.677094022667912,
      "r2": -0.6538535899484343,
      "mape_pct": 49.371346307747864,
      "acc_category": 0.6333333333333333,
      "acc_within_15": 0.32222222222222224
    }
  },
  "chosen": {
    "target_aqi_d1": "ridge_a_351.1",
    "target_aqi_d2": "ridge_a_1000",
    "target_aqi_d3": "enet_a_2.512_l1_0.05"
  }
}