{
  "metrics": {
    "AQI_t+1": {
      "rmse": 4.9893454666827415,
      "mae": 4.012022360064281,
      "r2": 0.8122549080280658,
      "mape_pct": 5.188404865031478,
      "acc_category": 0.9777777777777777,
      "acc_within_15": 0.9888888888888889
    },
    "AQI_t+2": {
      "rmse": 9.846890874511955,
      "mae": 7.7840288816829295,
      "r2": 0.24557469267884768,
      "mape_pct": 9.843575741868403,
      "acc_category": 0.9111111111111111,
      "acc_within_15": 0.9111111111111111
    },
    "AQI_t+3": {
      "rmse": 12.325217579894705,
      "mae": 9.822467807561823,
      "r2": -0.19364045760898851,
      "mape_pct": 12.373898231177357,
      "acc_category": 0.9333333333333333,
      "acc_within_15": 0.8333333333333334
    }
  },
  "chosen": {
    "AQI_t+1": "enet_a_0.3981_l1_0.95",
    "AQI_t+2": "huber_default",
    "AQI_t+3": "enet_a_0.3981_l1_0.95"
  }
}