{
  "target_aqi_d1": {
    "rmse": 17.64153610048737,
    "mae": 13.31242270932779,
    "r2": 0.5933455077271172,
    "mape_pct": 24.189610420422696,
    "acc_category": 0.6888888888888889,
    "acc_within_15": 0.7
  },
  "target_aqi_d2": {
    "rmse": 25.487618540515886,
    "mae": 20.260479882662114,
    "r2": 0.010313268291039512,
    "mape_pct": 38.36545587450054,
    "acc_category": 0.6,
    "acc_within_15": 0.43333333333333335
  },
  "target_aqi_d3": {
    "rmse": 26.033314194486262,
    "mae": 21.56749981313591,
    "r2": -0.1449230544973661,
    "mape_pct": 40.05831809307854,
    "acc_category": 0.6,
    "acc_within_15": 0.4
  }
}