{
  "target_aqi_d1": {
    "rmse": 20.956033792867657,
    "mae": 16.185027911163072,
    "r2": 0.42618623918298515,
    "mape_pct": 30.22921586955273,
    "acc_category": 0.6777777777777778,
    "acc_within_15": 0.5222222222222223
  },
  "target_aqi_d2": {
    "rmse": 23.47330857435216,
    "mae": 18.635103643511208,
    "r2": 0.16056350505162575,
    "mape_pct": 35.339645851802885,
    "acc_category": 0.6555555555555556,
    "acc_within_15": 0.4444444444444444
  },
  "target_aqi_d3": {
    "rmse": 26.269858346968004,
    "mae": 21.678990470894487,
    "r2": -0.1658236004101139,
    "mape_pct": 40.9283695655695,
    "acc_category": 0.6111111111111112,
    "acc_within_15": 0.3888888888888889
  }
}