{
  "target_aqi_d1": {
    "rmse": 22.180145541894532,
    "mae": 17.664925311323252,
    "r2": 0.1595575454203424,
    "mape_pct": 33.832400690544276,
    "acc_category": 0.6333333333333333,
    "acc_within_15": 0.4666666666666667
  },
  "target_aqi_d2": {
    "rmse": 23.0027823027317,
    "mae": 18.435156007674358,
    "r2": 0.0973525712372687,
    "mape_pct": 35.88244651611671,
    "acc_category": 0.6555555555555556,
    "acc_within_15": 0.45555555555555555
  },
  "target_aqi_d3": {
    "rmse": 30.09527353457791,
    "mae": 24.864489999217408,
    "r2": -0.5454594358106981,
    "mape_pct": 48.310166266409524,
    "acc_category": 0.5888888888888889,
    "acc_within_15": 0.35555555555555557
  }
}