{
  "AQI_t+1": {
    "rmse": 4.246788324771454,
    "mae": 3.140184623502434,
    "r2": 0.8639800314362364,
    "mape_pct": 3.832544550380627,
    "acc_category": 0.9555555555555556,
    "acc_within_15": 0.9888888888888889
  },
  "AQI_t+2": {
    "rmse": 9.979742814435026,
    "mae": 7.798547289708242,
    "r2": 0.22508030809374246,
    "mape_pct": 9.844925609326785,
    "acc_category": 0.9222222222222223,
    "acc_within_15": 0.8888888888888888
  },
  "AQI_t+3": {
    "rmse": 12.737127139362915,
    "mae": 9.503493360062196,
    "r2": -0.2747567162443605,
    "mape_pct": 11.434855323528913,
    "acc_category": 0.9333333333333333,
    "acc_within_15": 0.7777777777777778
  }
}