{
  "target_aqi_d1": {
    "rmse": 16.53651752947802,
    "mae": 12.128714576962992,
    "r2": 0.6426935221008381,
    "mape_pct": 21.318915145692667
  },
  "target_aqi_d2": {
    "rmse": 19.618087567907207,
    "mae": 15.173383515089128,
    "r2": 0.41365588841323975,
    "mape_pct": 26.294343459118313
  },
  "target_aqi_d3": {
    "rmse": 22.241806032983156,
    "mae": 18.146619513577267,
    "r2": 0.1642863824929941,
    "mape_pct": 31.771909374259916
  }
}