{
  "target_aqi_d1": {
    "rmse": 18.407587235059406,
    "mae": 13.977869475310182,
    "r2": 0.5572622910148821,
    "mape_pct": 25.649515188381557
  },
  "target_aqi_d2": {
    "rmse": 21.674433122310163,
    "mae": 17.16117354123861,
    "r2": 0.2842938881443836,
    "mape_pct": 31.10693382306159
  },
  "target_aqi_d3": {
    "rmse": 23.406742595625047,
    "mae": 19.335066119606573,
    "r2": 0.07445116347888181,
    "mape_pct": 35.054157252376534
  }
}