{
  "target_aqi_d1": {
    "rmse": 18.52303988446838,
    "mae": 13.85118615713856,
    "r2": 0.4138568107083328,
    "mape_pct": 26.338075222515062
  },
  "target_aqi_d2": {
    "rmse": 20.503868465356494,
    "mae": 15.822589014436655,
    "r2": 0.28281858782698477,
    "mape_pct": 29.72620597766155
  },
  "target_aqi_d3": {
    "rmse": 21.71965725368171,
    "mae": 17.70545343115685,
    "r2": 0.19505361232473561,
    "mape_pct": 31.959933191958378
  }
}