{
  "latest_feature_timestamp": "2025-08-07 00:00:00+00:00",
  "lightgbm": {
    "hd1": 60.903183651473455,
    "hd2": 73.10567859448841,
    "hd3": 74.0269979742566
  },
  "linear": {
    "hd1": 68.67218847865682,
    "hd2": 77.23981226537552,
    "hd3": 79.12754262969091
  },
  "hgbr": {
    "hd1": 63.365613905659735,
    "hd2": 64.77676740351389,
    "hd3": 68.20586128265603
  },
  "blend": {
    "hd1": 61.00200789233189,
    "hd2": 69.14051402125622,
    "hd3": 72.5908833321692
  }
}