{
  "latest_feature_timestamp": "2025-08-07 00:00:00+00:00",
  "lightgbm": {
    "hd1": 65.0284625335817,
    "hd2": 69.1011865730893,
    "hd3": 78.52710903336026
  },
  "linear": {
    "hd1": 68.67218847865682,
    "hd2": 77.23981226537552,
    "hd3": 79.12754262969091
  },
  "hgbr": {
    "hd1": 58.20189453053313,
    "hd2": 54.552691992618726,
    "hd3": 68.38381062924192
  },
  "rf": {
    "hd1": 60.651155500978845,
    "hd2": 79.85441390140836,
    "hd3": 84.0642086315928
  },
  "blend": {
    "hd1": 59.84211342669054,
    "hd2": 69.1011865730893,
    "hd3": 78.52710903336026
  }
}