{
  "metrics": {
    "hd1": {
      "full": {
        "rmse": 4.025245983618254,
        "mae": 3.1793475399040214,
        "r2": 0.8778013828263853,
        "mape_pct": 4.00452886176113,
        "acc_category": 0.9888888888888889,
        "acc_within_15": 1.0
      },
      "last30": {
        "rmse": 2.5292946120611113,
        "mae": 1.9775677685085533,
        "r2": 0.8551466539657874,
        "mape_pct": 2.726049409020433,
        "acc_category": 1.0,
        "acc_within_15": 1.0
      }
    },
    "hd2": {
      "full": {
        "rmse": 9.320122229398782,
        "mae": 7.236804752253905,
        "r2": 0.32413304296358403,
        "mape_pct": 8.969140392627699,
        "acc_category": 0.9111111111111111,
        "acc_within_15": 0.9111111111111111
      },
      "last30": {
        "rmse": 5.698385789088624,
        "mae": 4.870480463909855,
        "r2": 0.2481753649081977,
        "mape_pct": 6.658086315841529,
        "acc_category": 1.0,
        "acc_within_15": 1.0
      }
    },
    "hd3": {
      "full": {
        "rmse": 10.671961138703772,
        "mae": 8.7761629781114,
        "r2": 0.07046385325569493,
        "mape_pct": 10.416573499387463,
        "acc_category": 0.9333333333333333,
        "acc_within_15": 0.8222222222222222
      },
      "last30": {
        "rmse": 6.317873785464198,
        "mae": 5.30800470725348,
        "r2": 0.09648290872457976,
        "mape_pct": 7.368669862224447,
        "acc_category": 1.0,
        "acc_within_15": 1.0
      }
    }
  },
  "weights": {
    "hd1": {
      "y_pred_lgb": 0.03921607795741422,
      "y_pred_linear": 0.24265314738244154,
      "y_pred_hgb": 0.3200887734009303,
      "y_pred_rf": 0.3980420012592139
    },
    "hd2": {
      "y_pred_lgb": 0.0,
      "y_pred_linear": 0.09723006450732075,
      "y_pred_hgb": 0.07686232714177049,
      "y_pred_rf": 0.8259076083509087
    },
    "hd3": {
      "y_pred_lgb": 0.2439248236595033,
      "y_pred_linear": 0.04732566774453145,
      "y_pred_hgb": 0.7087495085959652,
      "y_pred_rf": 0.0
    }
  },
  "holdout_days": 90
}